,latitude,longitude
0,0.3971497,2.1136286
1,0.3971497,2.1136286
2,0.3971497,2.1136286
3,0.3971497,2.1136286
4,0.3971497,2.1136286
5,0.3971497,2.1136286
6,0.3971497,2.1136286
7,0.3971497,2.1136286
8,0.9675616,-0.0992462
9,0.0618409,-1.3331104
10,0.7199152,-0.1515188
11,0.7594434,0.7616024
12,0.9308469,-0.049737
13,0.5051943,-0.2374555
14,0.7451979,0.4086066
15,-0.3880844,1.9912286
16,0.1320408,-1.2572497
17,0.7151818,0.5029096
18,1.0676947,-2.6179241
19,0.8979736,0.0938032
20,0.6366123,-1.4382805
21,0.6903074,0.0478013
22,-0.3880844,1.9912286
23,0.105732,2.1833371
24,0.7135953,0.2494215
25,0.9000907,0.0121397
26,0.8951707,0.1181026
27,-0.4790929,-1.0307234
28,1.113377,0.3540017
29,0.3971497,2.1136286
30,0.3971497,2.1136286
31,0.3971497,2.1136286
32,0.3971497,2.1136286
33,0.3971497,2.1136286
34,0.3971497,2.1136286
35,0.3971497,2.1136286
36,0.3971497,2.1136286
37,-0.0659085,-0.6725207
38,1.1953987,0.2910878
39,0.6353941,0.4901967
40,0.547269,-1.9813968
41,0.1285898,2.3482359
42,0.7262367,0.7260517
43,0.3971497,2.1136286
44,0.3971497,2.1136286
45,0.3971497,2.1136286
46,0.3971497,2.1136286
47,0.3971497,2.1136286
48,0.3971497,2.1136286
49,0.3971497,2.1136286
50,0.3971497,2.1136286
51,0.3971497,2.1136286
52,0.3971497,2.1136286
53,0.3971497,2.1136286
54,0.3971497,2.1136286
55,0.3971497,2.1136286
56,0.3971497,2.1136286
57,0.3971497,2.1136286
58,0.3971497,2.1136286
59,0.3971497,2.1136286
60,0.3971497,2.1136286
61,0.3971497,2.1136286
62,0.3971497,2.1136286
63,0.3971497,2.1136286
64,0.3971497,2.1136286
65,0.3971497,2.1136286
66,0.3971497,2.1136286
67,0.3971497,2.1136286
68,0.3971497,2.1136286
69,0.3971497,2.1136286
70,0.3971497,2.1136286
71,0.3971497,2.1136286
72,0.3971497,2.1136286
73,0.3971497,2.1136286
74,0.3971497,2.1136286
75,0.3971497,2.1136286
76,0.3971497,2.1136286
77,0.3971497,2.1136286
78,0.3971497,2.1136286
79,0.3971497,2.1136286
80,0.3971497,2.1136286
81,0.3971497,2.1136286
82,0.3971497,2.1136286
83,0.3971497,2.1136286
84,0.3971497,2.1136286
85,0.3971497,2.1136286
86,0.3971497,2.1136286
87,0.3971497,2.1136286
88,0.3971497,2.1136286
89,0.3971497,2.1136286
90,0.3971497,2.1136286
91,0.3971497,2.1136286
92,0.3971497,2.1136286
93,0.3971497,2.1136286
94,0.3971497,2.1136286
95,0.3971497,2.1136286
96,0.3971497,2.1136286
97,0.3971497,2.1136286
98,0.3971497,2.1136286
99,0.3971497,2.1136286
100,0.3971497,2.1136286
101,0.3971497,2.1136286
102,0.3971497,2.1136286
103,0.3971497,2.1136286
104,0.3971497,2.1136286
105,0.3971497,2.1136286
106,0.3971497,2.1136286
107,0.3971497,2.1136286
108,0.3971497,2.1136286
109,0.3971497,2.1136286
110,0.3971497,2.1136286
111,0.3971497,2.1136286
112,0.3971497,2.1136286
113,0.3971497,2.1136286
114,0.3971497,2.1136286
115,0.3971497,2.1136286
116,0.3971497,2.1136286
117,0.3971497,2.1136286
118,0.3971497,2.1136286
119,0.3971497,2.1136286
120,0.3971497,2.1136286
121,0.3971497,2.1136286
122,0.3971497,2.1136286
123,0.3971497,2.1136286
124,0.3971497,2.1136286
125,0.3971497,2.1136286
126,0.3971497,2.1136286
127,0.3971497,2.1136286
128,0.7092983,-1.2876847
129,0.7102181,-1.294488
130,0.5924084,-2.0666094
131,0.7116964,-1.28932
132,0.7326648,-1.5342282
133,0.6297166,-2.0097815
134,0.5870712,-1.4735483
135,0.4961866,-1.4191097
136,0.6565754,-2.1358467
137,0.7393965,-1.2392746
138,0.6837397,-1.3381142
139,0.5741575,-1.6936326
140,0.8281413,-2.1346947
141,0.6780971,-1.3445615
142,0.6797098,-1.3518588
143,0.7833387,-1.6270274
144,0.6957179,-1.8268884
145,0.4501763,-1.4013354
146,0.7367453,-1.4547913
147,0.5835386,-1.9549782
148,0.3720815,-2.7562588
149,0.4550527,-1.3989286
150,0.7293033,-1.5315684
151,0.5713091,-2.0453514
152,0.6958959,-1.3132049
153,0.4882646,-1.4404761
154,0.5233265,-1.6640213
155,0.7956729,-2.1397387
156,0.6146003,-1.4127236
157,0.3218282,-1.1519487
158,0.5234836,-1.5752993
159,0.3671562,-1.5162914
160,0.7118919,-1.9543847
161,0.3647494,-2.7302184
162,0.6261823,-1.3751013
163,0.6762924,-1.5772541
164,0.4631441,-1.4268975
165,0.5877519,-2.0571846
166,0.5269934,-1.7046613
167,0.6858725,-1.6530694
168,0.6521004,-2.1280625
169,0.5174098,-1.6629305
170,0.6931977,-1.5061215
171,0.57329,-1.6903828
172,0.70671,-1.4003283
173,0.6304915,-1.51282
174,0.6753621,-2.1221634
175,0.7495701,-1.5340851
176,0.6583609,-2.1331589
177,0.5154603,-1.7186223
178,0.7227705,-1.4285485
179,0.4657097,-1.3979319
180,0.5322225,-1.4257228
181,0.6980968,-1.4467366
182,0.8983314,-0.0080624
183,0.3229505,-1.3598453
184,0.7319719,-1.2685611
185,0.6815302,-1.4777319
186,0.7494531,-1.3741361
187,0.5781979,-2.0469221
188,0.6116053,-1.5703897
189,0.7208768,-1.6736677
190,0.3835536,-2.7809903
191,0.5943893,-2.0525246
192,0.762311,-1.3898162
193,0.6545892,-1.3494834
194,0.3445071,-2.7235166
195,0.5902302,-2.0621414
196,0.6964283,-1.4699058
197,0.3240623,-1.1931665
198,0.6177261,-1.7034536
199,0.3392274,-1.7291343
200,0.5969148,-2.0657543
201,0.3200462,-1.1339997
202,0.6439322,-1.3299619
203,0.5435549,2.1258983
204,-0.2122443,-1.3438843
205,0.5741889,-1.3969702
206,0.7283713,-1.2465212
207,0.5605317,-1.9362858
208,0.666269,-1.4963755
209,0.6115668,-1.8606781
210,0.2532228,2.1121974
211,0.7484111,-1.4926544
212,0.7525668,-1.3556391
213,0.6893893,-2.0903459
214,1.0676947,-2.6179241
215,0.831124,-2.0513552
216,0.7524324,-1.3283055
217,0.5878216,-1.3775587
218,0.7249051,-1.6347295
219,0.4040751,-1.9149927
220,0.9323776,-0.1094334
221,0.8554347,0.0445059
222,0.7603422,-2.028474
223,0.6995297,2.0347921
224,0.358173,-1.8031171
225,0.7141207,-1.4214345
226,0.5857831,-1.5141342
227,0.5318612,-1.5216932
228,0.4985795,1.345703
229,0.7460986,-1.2880826
230,0.6300255,-1.3951691
231,0.7529333,-1.5592335
232,0.5607324,-1.4172441
233,0.8585955,-2.1499664
234,0.6317812,-1.6735631
235,0.4285848,-1.4269742
236,0.2387802,1.7583669
237,0.1744258,-1.4697208
238,0.6250199,-1.4659719
239,0.6418658,-2.0894733
240,0.3331607,1.2717847
241,0.437013,-1.3520403
242,0.677289,-1.8273771
243,0.7617699,-1.2271288
244,0.7493152,-1.2467882
245,0.6061424,-1.6096176
246,0.7067466,-0.0622517
247,0.8731254,0.1491057
248,0.6090448,-1.4349906
249,0.5904397,-2.0334308
250,0.4781399,-1.440846
251,0.6571147,-1.7005284
252,0.5551404,-1.8566463
253,0.5587043,0.6088878
254,0.7296262,0.2138168
255,0.2181906,-1.2219957
256,0.7015089,-1.339774
257,0.3893638,1.9881918
258,-0.4090276,-0.8111079
259,0.7167544,-1.2864404
260,0.6539592,2.2069862
261,0.7207704,0.036276
262,0.9129573,0.0831456
263,0.321659,-1.2159517
264,0.3609358,-1.8370288
265,0.7761811,-1.2767659
266,0.234588,-1.5543152
267,0.7936117,-1.2870197
268,0.7498877,-1.4616015
269,0.0820582,-1.2941075
270,0.1583251,-1.3855034
271,0.5923438,-1.4158023
272,0.5092853,-1.4147307
273,-0.607762,-1.0216424
274,0.7989681,-1.9399858
275,0.6638621,-1.4766516
276,0.3007432,1.3688592
277,0.7310259,-1.6006554
278,0.7606494,-1.6884646
279,-0.5828178,-1.2354452
280,0.8921058,-1.9900244
281,0.7994952,-1.8944327
282,-0.5924712,2.6385364
283,0.6621151,0.4179104
284,0.7151818,0.5029096
285,0.2545266,-1.5800029
286,0.6045332,-1.5145112
287,0.5639368,-1.572121
288,0.8189207,-1.6897545
289,0.5320322,-1.5101531
290,0.6332386,-1.6459642
291,0.3442034,-2.7060982
292,0.7701195,-2.150455
293,0.709513,-1.3166904
294,0.530519,-1.4721905
295,0.4376884,2.115915
296,0.1888237,1.8614286
297,0.5295626,-1.4974454
298,0.3581834,-1.5171379
299,0.6500601,-1.6299386
300,0.6242118,2.450198
301,0.5981348,-1.3596569
302,-0.3981096,-0.7548646
303,0.2267184,1.3992182
304,0.7764115,-1.5381517
305,0.843933,0.2057063
306,0.5329049,-1.5908606
307,0.7234128,-1.5796539
308,0.8188439,-1.9912637
309,0.6184784,-1.4406262
310,0.851595,-2.1386916
311,0.9173398,0.2319141
312,0.5813308,-1.9487474
313,0.7279541,-1.5065211
314,0.5307075,-1.5545665
315,0.9707155,0.2208889
316,0.6114814,-1.4870868
317,0.6480739,-1.3350546
318,0.5356625,-1.5401274
319,0.7395693,-2.1445384
320,0.313037,-1.3401947
321,0.4904864,-1.407526
322,0.6514529,-1.3958341
323,0.8074714,-2.0790188
324,0.6008506,-2.0916025
325,0.9311977,-0.0397054
326,0.0235653,1.8150378
327,0.6697369,-1.42407
328,0.2119092,-1.5039188
329,0.7466292,-1.4763287
330,-0.0022544,-1.3675964
331,0.3148749,-1.1014581
332,0.2303468,1.3562308
333,0.7820367,-1.201277
334,0.4407445,0.9662911
335,0.761091,-1.9327427
336,0.7724495,-1.5449497
337,0.5824146,-1.4305504
338,0.3398139,-1.2339582
339,0.9304298,-1.982345
340,0.4027731,1.2677146
341,0.184888,-1.4930315
342,0.7152098,-1.486935
343,0.2396896,-1.0638235
344,0.7097242,-1.5654434
345,0.7214929,-1.3216226
346,0.8284153,0.1492112
347,0.8431773,-1.9941433
348,0.7614435,-1.3857251
349,0.6107116,-1.376721
350,0.7243832,-1.2933727
351,0.7687355,-1.798684
352,0.5663,-1.6375656
353,0.8927028,-0.003321
354,0.8883971,0.0782682
355,-0.0376541,-1.3942318
356,0.8504169,0.04118
357,0.7064587,-1.5518752
358,0.3089564,-1.1309489
359,0.7942173,0.2155813
360,0.7120106,-1.2758391
361,0.51819,-1.4359137
362,0.3367229,-1.4199597
363,0.3061151,-1.5412688
364,0.6656441,-1.3692615
365,0.702961,-1.3057419
366,0.8287172,-1.9437907
367,0.3242822,-1.2617422
368,0.6768614,-0.1594519
369,0.8951707,0.1181026
370,0.2281948,-1.03834
371,0.7910268,-1.3206766
372,0.380021,-1.2612779
373,0.4082744,1.9774407
374,0.5257263,0.5481311
375,0.6366123,-1.4382805
376,0.878686,0.5392142
377,0.8396831,0.2891958
378,0.4568539,-1.7145871
379,0.8163376,-1.7583494
380,0.8279301,0.3360736
381,0.7964042,0.1523343
382,0.8744239,0.248884
383,-0.6031718,-1.0195446
384,0.9104632,0.3659449
385,0.7723798,-2.1144664
386,-0.6459132,3.050696
387,0.1849246,-1.0705361
388,0.7808848,-1.4936912
389,0.6078842,-1.3545867
390,0.9765117,-0.0588612
391,0.7129845,-1.6887666
392,-0.6575232,2.5279873
393,1.1312369,-2.5805741
394,0.1075915,-1.3163814
395,0.3227969,-1.1716291
396,0.2696987,-1.5345563
397,0.5271819,-1.6054865
398,0.5536638,0.6281998
399,0.6828147,-1.8941535
400,0.0618409,-1.3331104
401,0.5637518,-1.5078597
402,-0.4562151,0.4929857
403,0.8422854,-1.7676694
404,0.688665,-1.3016177
405,0.3448404,-1.2316788
406,-0.0230251,0.6445117
407,0.2990918,-1.0784861
408,0.1147968,0.0579652
409,0.5648583,-1.1288563
410,0.6385636,-2.1265616
411,0.0479194,1.7751744
412,0.5422249,-1.7074365
413,0.5445061,2.1177127
414,0.7646288,0.1955659
415,0.7344891,-1.3992979
416,0.7833177,-1.1084341
417,0.4846849,-1.7017169
418,0.6181275,0.8927743
419,0.5875407,-1.7771466
420,0.5575018,-1.7837615
421,0.8070071,0.1066213
422,0.8175488,-1.6090819
423,0.7931666,0.1619097
424,0.7129548,-1.3587162
425,0.4635368,-1.3734974
426,0.9769061,0.653008
427,0.8710938,-1.6971564
428,0.7597925,-1.4674658
429,0.6638709,-1.5277286
430,0.7815165,-1.5649809
431,0.4161449,1.5777389
432,0.4499197,-1.7471968
433,0.097829,-0.002911
434,0.7366808,-1.3260976
435,0.3664057,-1.7711776
436,0.5902861,0.6193894
437,0.648416,-1.880662
438,0.7451979,0.4086066
439,0.4347004,1.172177
440,0.7416079,-1.3344508
441,-0.1526844,2.0100433
442,0.1566937,0.6771756
443,0.6205047,2.4396212
444,0.8497991,0.1609536
445,0.7663444,-1.6144296
446,0.7358291,-1.3420116
447,0.9198234,-0.1557675
448,1.0527337,0.4356918
449,0.4833969,1.4897973
450,0.5467663,-1.6152987
451,0.1771858,1.3334647
452,1.0411221,0.3127386
453,0.9751486,-0.0773715
454,0.5823727,-0.13247
455,0.6146945,-1.7751046
456,0.898937,0.0009648
457,0.618433,-2.0779366
458,0.8134421,-1.9544721
459,-0.2362425,-1.2555689
460,0.8368731,-1.6960429
461,0.7779317,0.4555693
462,1.0505818,0.1937385
463,0.7371381,-1.4931658
464,0.6121394,-1.3446523
465,0.5501557,1.2985878
466,0.4577737,-1.7043909
467,0.759473,-1.9560079
468,0.5674222,-1.6063608
469,1.1167489,-0.3945422
470,0.967066,0.6615897
471,0.7135953,0.2494215
472,-0.5927976,0.3246609
473,0.1822543,-1.3179505
474,0.1798998,2.1638417
475,0.684574,-1.865216
476,-0.4779444,2.6723959
477,0.1850593,-1.1692063
478,0.3464461,-1.7632189
479,0.6149982,-2.1056001
480,-0.1069114,1.8614983
481,0.7619829,0.1259407
482,0.6918939,-1.8660711
483,0.3783804,0.6834099
484,0.4042427,-1.8546916
485,0.7228229,0.3441894
486,0.9360271,0.1743275
487,0.7983642,0.2804535
488,0.5867221,1.2758217
489,0.8740208,0.3453099
490,0.7658331,-1.5927299
491,0.7488859,-1.8581473
492,0.7822287,0.3544606
493,0.7201874,-1.2721147
494,0.3953991,1.5436861
495,0.5624219,-1.4084371
496,0.6132825,-1.9490266
497,0.7065302,-1.8713072
498,0.1253279,1.3942406
499,0.245409,-1.5222273
500,0.9055641,0.0041015
501,0.1900594,-1.3051712
502,1.0437121,0.5281803
503,0.8166587,-1.2460482
504,-0.6080448,-0.9779219
505,0.840863,-1.8088941
506,-0.2769692,-0.8363763
507,0.61674,-1.6470219
508,0.3143041,-1.1617436
509,0.6400978,-0.0785243
510,0.316512,-1.1430789
511,0.7138153,0.511542
512,0.1416021,1.7159537
513,0.4521589,-1.7004028
514,0.9105522,-1.8622663
515,0.9154932,-0.0305089
516,1.0184869,-2.3487944
517,0.6216357,-1.8516023
518,0.2127364,-1.2035756
519,0.8490486,-2.1541901
520,0.5699652,-2.0002521
521,0.6514738,-1.3823078
522,0.2446987,-1.0645269
523,0.3703798,1.8466805
524,0.2924666,-1.7410357
525,0.2015262,1.829873
526,0.5966478,-1.3914445
527,0.9702547,0.6503359
528,0.655516,2.2129204
529,0.5675165,-1.4824635
530,0.8802027,-1.8267663
531,0.8093877,-2.042297
532,0.4264363,0.9538416
533,0.6464069,-1.9811286
534,0.0007398,0.5662459
535,0.7523643,-1.3778711
536,0.6721088,-2.1434913
537,0.3072059,-1.7708285
538,0.6954107,-1.5651747
539,-0.3063699,-2.6111346
540,0.2847819,-1.5101113
541,0.6008697,2.3604532
542,0.6219516,-1.3506283
543,0.1134211,-1.0167259
544,0.6696252,-1.4409089
545,0.8090229,-1.5253375
546,0.7072022,0.4009178
547,0.48073,-1.7359324
548,-0.3425111,-0.7674552
549,0.0839969,-1.3219036
550,0.7581583,0.091131
551,0.537256,-1.4534527
552,0.5466598,-1.4913769
553,0.669168,-1.3179033
554,0.9142035,0.2360121
555,0.6721228,-1.8831055
556,-0.5574634,2.024006
557,0.5646856,-1.6650859
558,0.5338718,-1.6818656
559,0.8127684,-2.1038897
560,0.7980762,0.0888517
561,0.2095128,-1.0783726
562,0.7772894,0.197025
563,0.5257996,-1.6270535
564,0.7007026,0.7748546
565,0.4375436,2.1214826
566,0.7770241,-1.9028278
567,0.1480409,1.342509
568,0.457203,2.227843
569,0.8020626,-1.9634431
570,-0.3098902,3.0969645
571,0.3788342,-1.785786
572,0.7793053,-1.2822603
573,0.8272669,-2.0980079
574,0.9935042,0.4183746
575,0.953545,0.4413205
576,0.8639153,0.1931538
577,0.3654196,-1.5648221
578,-0.3998637,-0.7533382
579,0.2967042,-1.6881977
580,0.4526529,2.0885134
581,0.7932364,-1.7177844
582,0.7152028,-2.1661107
583,0.6662969,0.228481
584,0.4112449,-1.3243209
585,0.5503983,-1.4694713
586,0.7199152,-0.1515188
587,0.8718984,-2.0835391
588,-0.5467,-1.120641
589,0.653919,0.2629583
590,0.7624279,0.1813868
591,-0.4455564,-0.8582796
592,0.7414473,-1.9981925
593,0.3219225,-1.1264878
594,0.5679493,-2.0415116
595,0.2572563,-0.3052616
596,0.6892183,-0.0084059
597,1.0064057,0.2143229
598,0.7830559,-1.5967022
599,0.9532657,-0.1024945
600,0.7740343,-1.8420031
601,0.8311013,-0.9206943
602,0.8693921,0.4181128
603,0.940427,0.489228
604,-0.3079599,-1.1019206
605,0.4355923,0.8150478
606,0.759295,-1.9948415
607,0.7598971,0.2844538
608,1.0330028,0.1790464
609,0.9661375,-2.298843
610,0.7489173,-1.9651709
611,0.3658716,-2.7344598
612,0.5101004,0.8372152
613,0.6903074,0.0478013
614,0.337496,-1.7377546
615,0.3021374,-1.0946478
616,-0.2252978,-0.6688538
617,0.8877774,0.1246643
618,0.5534369,1.3054592
619,0.7953622,-1.4799816
620,0.7428366,0.3188402
621,-0.0598545,0.6470721
622,-0.285206,-1.2493608
623,0.5838178,-1.5462116
624,0.7964147,-1.5615024
625,0.8291954,-1.6569056
626,0.1940736,-1.2955684
627,0.8072288,-1.4743215
628,0.7535215,-1.3951289
629,0.4627112,-1.3453609
630,0.7259557,-1.9035434
631,0.6530673,-0.1028542
632,0.7614715,0.0238031
633,0.4408894,0.8999808
634,0.3598398,-1.7485755
635,0.6083938,2.3876976
636,0.915619,0.1690365
637,0.4012372,-1.4383102
638,-0.141834,-0.6095318
639,0.334159,-1.6787851
640,0.545569,-1.4218586
641,0.9048014,-0.1481978
642,0.8661475,0.1084115
643,0.2117259,-1.1915101
644,-0.7590332,3.0112514
645,0.7557468,-0.0507997
646,0.6091007,-2.1023713
647,0.7029471,-1.3858752
648,0.7980116,-1.5200718
649,0.7200024,-1.2227812
650,-0.4405211,-1.0039134
651,0.8098031,-1.6430198
652,0.7070154,-2.1344155
653,0.6071215,2.3638391
654,0.8305952,0.1314217
655,0.6566941,-2.1110456
656,-0.523501,-0.8931094
657,0.7125289,-2.0209516
658,0.6086853,0.5868652
659,0.7889028,0.1335112
660,0.8103005,0.5354059
661,0.7534499,-1.5051405
662,0.8476401,-1.6301916
663,0.0731612,1.2833249
664,-0.0659085,-0.6725207
665,0.7511129,-1.4164028
666,0.5336955,1.8142174
667,0.6725434,-1.8663329
668,-0.2882115,-1.1901801
669,0.7198052,-1.3425264
670,0.3627772,-2.7393118
671,0.7867612,-1.4584024
672,0.8048097,-1.1288545
673,0.458512,0.883723
674,0.8796756,0.5314475
675,0.7648836,0.319945
676,0.815835,-2.0439551
677,-0.1200457,0.6842144
678,0.0699193,0.1696369
679,0.6580066,-1.9739499
680,-0.4829375,-0.847401
681,0.6566644,-2.0741143
682,-0.0908575,-1.4070216
683,0.3220255,-1.2027377
684,0.8232439,-1.5444261
685,0.2720881,0.5681605
686,0.799682,-1.5378882
687,0.7003675,0.5758731
688,0.2950881,1.6778409
689,0.7824014,-0.0124888
690,0.6258314,0.25268
691,0.2713463,-1.0698868
692,-0.2902832,-0.8590633
693,0.8045077,-2.0645151
694,0.3341398,-1.8248988
695,0.8270522,-1.6203462
696,0.6925239,-1.3195823
697,0.7323681,0.3773646
698,0.3691878,-2.7418423
699,0.646833,-1.5493952
700,0.7224459,-1.2324521
701,0.9605856,-0.0295252
702,0.4620096,0.8691373
703,0.8079129,-1.101671
704,-0.6639127,2.5214596
705,0.6431713,0.1784983
706,0.8167687,-1.7942334
707,0.7183025,-1.8293144
708,0.9539534,-0.1084867
709,0.7430355,0.367144
710,0.3275424,1.7272232
711,-0.6099053,2.4178222
712,0.6403788,0.0561195
713,0.7751583,0.1542435
714,0.7923044,0.1900402
715,0.2196253,-1.4261295
716,-0.0530337,-1.048065
717,0.7267516,2.155185
718,0.2353297,2.527167
719,0.8190429,0.5049412
720,-0.5730213,-1.2006626
721,0.6945607,-2.1268233
722,0.9401373,-0.0289824
723,-0.1031737,-0.6151884
724,0.5227401,-1.6409708
725,0.194599,-1.0617222
726,-0.2870089,-2.6485547
727,0.6376051,-1.6266564
728,0.7108203,-1.7279946
729,0.6412549,-1.8889699
730,0.6678293,-1.377002
731,0.1088002,-0.1808563
732,-0.312969,0.5426717
733,0.6624188,-1.8833498
734,0.4201479,-1.9261803
735,-0.4123534,-0.8143076
736,0.6918991,-1.3948025
737,0.7272648,0.7846075
738,-0.2947128,2.5439047
739,0.6352859,0.4446977
740,1.0523183,0.0910737
741,0.7532457,-1.6289385
742,-0.1410472,-1.3807091
743,0.5516445,-0.1402599
744,1.0369577,0.4334141
745,0.8967973,-0.0474571
746,1.0359297,0.3131417
747,-0.3535698,-0.7031301
748,0.3884108,-1.7615783
749,0.6139981,2.2503927
750,0.5861845,2.2767995
751,0.7378484,-1.4478483
752,0.7813699,-1.8671533
753,0.4117808,1.0172547
754,0.6681504,-0.0097417
755,0.8067558,0.2523327
756,0.4446209,-1.3383796
757,0.7583438,0.6973742
758,0.1503852,-0.2303049
759,0.5943108,-0.1178363
760,0.7746243,-1.7503209
761,0.6324654,0.7673026
762,0.9887866,-1.9411901
763,-0.7212957,3.0509227
764,0.2753309,-1.6800994
765,0.1243638,2.1929365
766,0.9956597,-2.3625126
767,0.9983615,-0.0383585
768,0.3139551,1.7900621
769,0.6329629,2.1009226
770,0.7577713,-2.1685018
771,0.5372787,1.9933056
772,0.5078192,-1.9381532
773,0.8442489,-1.5589961
774,0.7002558,-1.3316181
775,0.6682709,-1.8238167
776,0.5009601,-1.8494381
777,0.7357628,-2.1246417
778,0.9258535,0.1533563
779,0.6858551,-1.4002446
780,0.5805402,0.7720394
781,0.5980912,-1.549327
782,0.3940447,2.1005037
783,0.8919104,0.2947128
784,-0.1184639,-1.3932632
785,0.4875036,-0.2685468
786,0.6338809,-2.0838009
787,0.3996298,-1.7922262
788,-0.0660562,-1.2794799
789,0.9490682,0.322296
790,0.8165557,0.4134022
791,0.0918286,-0.0685267
792,0.5705045,-1.8014765
793,0.2684456,1.288601
794,0.2650457,2.1041689
795,0.4971169,-0.285213
796,0.5643103,-1.5490129
797,0.6930336,-1.3566357
798,0.0875368,0.1212932
799,0.6784601,0.0239655
800,0.6867015,-1.4213822
801,-0.1135989,-1.3329638
802,0.8005633,-1.1612932
803,0.660752,-1.403236
804,0.8148768,-1.1876058
805,0.9000907,0.0121397
806,0.7200862,1.209185
807,0.7180093,0.2925276
808,0.7210322,-1.8443767
809,-0.5168696,0.5431416
810,0.4535971,-1.9433892
811,0.7292021,-2.1683447
812,-0.0343591,0.5260335
813,0.7757989,-1.1931333
814,0.7585341,-1.4028712
815,0.2294113,-1.0683317
816,0.3186221,-1.1719624
817,0.7377035,-1.2544677
818,0.7516121,-1.8929841
819,0.9728517,0.1597287
820,0.7566369,1.3446103
821,0.8970417,-0.0583521
822,1.1673582,-2.8378879
823,0.3177337,-1.1005191
824,0.4345288,0.9627479
825,1.0079276,-2.6615224
826,0.0777157,-1.3223731
827,0.6779243,-1.7326442
828,0.6032887,1.2079826
829,-0.4468092,-0.9509427
830,0.4667935,-1.3507329
831,-0.3565743,1.0067688
832,0.446251,-1.8048625
833,0.3343719,-1.7169048
834,0.9630674,-2.0749347
835,-0.2675729,0.4965916
836,0.7062911,0.8734797
837,0.7909152,-1.1500026
838,0.8056684,-1.0480318
839,0.3951303,1.9863766
840,0.6510602,-1.8959162
841,0.8588905,-1.0016689
842,0.232792,-0.2906357
843,0.7258266,-1.4627221
844,0.4894689,-0.2892447
845,0.6012153,1.8980804
846,0.3898402,1.2780401
847,0.6048351,-1.9620991
848,0.4210467,-1.8243578
849,0.7799597,-1.9393749
850,0.6800797,2.1212557
851,0.7036487,-1.3759111
852,0.5186979,1.861254
853,0.8745845,0.384304
854,0.6683285,0.4739791
855,0.0924525,1.7501638
856,0.6590957,-1.7447288
857,-0.2699518,-1.2244916
858,0.4413013,-1.3322273
859,0.1571981,0.1267662
860,0.8341505,0.2269679
861,0.1243809,-1.2773157
862,0.1666404,1.7464113
863,0.6533658,0.4424078
864,0.7177876,-1.7572673
865,0.8924357,0.240283
866,0.1943738,1.3256701
867,0.7033048,-1.3669419
868,-0.4015549,-0.8226522
869,0.6167941,0.4394791
870,0.1076102,0.0218953
871,0.8556529,-2.1356023
872,0.5540024,2.0745332
873,0.4283736,2.0617225
874,0.7308392,-1.8080913
875,0.7995336,0.3724166
876,0.1890718,2.1379124
877,0.2340609,1.8118787
878,0.6460232,-0.1390314
879,0.6440038,0.5375702
880,0.6988159,-1.5407435
881,0.6587152,-1.6081586
882,0.570597,-1.459954
883,0.1880837,2.1470168
884,0.4322221,-1.8757926
885,0.6507407,-2.1033661
886,-0.0240725,-0.846071
887,1.0572001,-2.6397231
888,0.5656839,-1.7397774
889,0.7364487,-1.5550395
890,0.4361997,1.7932211
891,0.9405475,-2.1411525
892,0.9149191,0.2936743
893,0.5022639,-1.4178619
894,0.1671483,-0.2375742
895,0.4919943,1.9760618
896,0.6595128,-1.4158844
897,0.2800189,1.8884288
898,0.6465433,-1.7620844
899,0.737084,-0.1505655
900,0.6824813,-1.4733826
901,0.203844,2.1358641
902,0.3243188,1.2901422
903,0.7735404,-1.2181927
904,-0.4915615,2.6791678
905,0.3172677,2.1036802
906,0.739311,0.336009
907,-0.7857664,2.9450511
908,0.6775037,-1.6095356
909,0.3891456,-1.7080821
910,0.215604,-0.0263967
911,0.6764024,-1.9155861
912,0.1383622,-1.2655644
913,0.266894,0.6791199
914,0.1700321,2.0727356
915,0.7998408,0.2351343
916,0.8809427,0.3330088
917,0.6064199,-1.5290864
918,0.8849204,-2.1021444
919,0.2890894,-1.6235489
920,0.7838972,-1.6956694
921,0.7746679,-1.7144108
922,-0.0504308,-1.3785378
923,0.6587082,-0.448513
924,0.3002961,-1.0923999
925,0.8137598,-1.4102068
926,0.7357156,-1.3833131
927,-0.2731946,-0.9794212
928,0.5843868,-1.5879984
929,1.0275923,0.0983978
930,-0.0765458,0.2695591
931,0.7614191,-1.2619463
932,0.9903539,1.0612073
933,0.6533622,-1.8477277
934,0.8350196,1.8634357
935,0.1925098,1.3446611
936,-0.3280678,0.8286614
937,-0.0079196,-1.5754372
938,0.0649709,0.2016431
939,-0.7182239,-1.2419327
940,-0.3923483,0.3049247
941,0.7605481,0.0691676
942,0.5521541,-1.8575365
943,0.6024824,1.9869003
944,0.8976647,0.2136562
945,0.7186969,-1.377042
946,-0.3150895,-1.2265441
947,0.1771463,-1.1855742
948,0.3092933,1.4525416
949,0.8561707,-2.1619369
950,0.7272665,-1.2266244
951,0.6490653,-0.0659274
952,0.254661,-1.0647067
953,0.4020261,-1.4213142
954,-0.6162217,2.6039441
955,0.3141069,-1.6199692
956,0.658689,-1.5213477
957,-0.0620033,-1.4029201
958,-0.0815826,0.9690382
959,0.5583283,0.7750015
960,0.5517213,-1.6969923
961,0.7426637,-1.6439709
962,0.6790273,0.2834816
963,0.6153943,-1.9885933
964,1.0901815,-1.9973548
965,-0.1659949,-0.624683
966,0.7557642,-0.1462108
967,0.7465681,2.4729919
968,-0.1546077,0.230928
969,0.6831393,-1.6872237
970,-0.9250699,-1.236646
971,0.8229786,-0.0281125
972,0.6444821,-1.9451345
973,0.3865834,1.9825545
974,0.7597313,-1.2732107
975,0.2187508,-0.1387526
976,0.5276043,2.1019698
977,0.3124907,-1.0968278
978,0.1842755,-1.2518873
979,0.960151,1.4425269
980,0.4871598,2.1092653
981,0.3945893,1.8879575
982,0.5396157,0.5183
983,0.9964566,0.1719017
984,0.8201494,0.2694719
985,0.6413142,-0.1057689
986,0.7342932,-1.2255946
987,0.6798215,-1.6696447
988,0.7058268,-1.9113101
989,0.570686,-0.2927703
990,0.8326425,-1.8185109
991,-0.3572462,-0.9542151
992,0.343603,-1.3942178
993,0.7860038,0.6836542
994,0.8471531,0.1331377
995,0.8248461,0.1979901
996,0.2638763,2.5434509
997,-0.1288023,1.9685045
998,-0.6620767,-1.0048436
999,0.2701124,0.7717794
1000,0.4285377,0.6929847
1001,-0.747631,2.5745351
1002,-0.4072481,-0.8923886
1003,1.0595824,-2.3573639
1004,-0.1246022,-1.3698985
1005,0.7486817,-0.1468719
1006,0.1109546,0.0416148
1007,-0.1462226,-1.3015671
1008,-0.2869077,-0.6820903
1009,-0.4285691,0.4523579
1010,-0.4492006,-0.9507402
1011,0.8676171,-2.1796894
1012,-0.1247183,-0.6099684
1013,0.5492045,-1.5592265
1014,0.1036239,2.0254721
1015,0.4681706,1.3231725
1016,0.5035729,-1.691547
1017,-0.2201488,-1.208267
1018,0.0951698,-0.9632088
1019,0.6589491,-1.5535368
1020,0.8439924,0.6126211
1021,0.7515614,1.2998793
1022,0.906819,0.0774441
1023,1.0608076,-2.8246059
